{
    "RLNS_1": {
        "mean": 5.968073057071478,
        "std": 5.023439019734471
    },
    "RLTS_1": {
        "mean": 9.108681510995538,
        "std": 6.513181068177541
    },
    "RLTS_2": {
        "mean": 9.083519779762584,
        "std": 6.875344911195749
    },
    "TAUS_2": {
        "mean": 1.0869152088339773,
        "std": 0.6574304528371853
    },
    "RMIN_LOC": {
        "mean": 0.44424224500774045,
        "std": 0.26319820388874315
    },
    "DRMAJDX_LOC": {
        "mean": -0.1471673152194224,
        "std": 0.09156530155200236
    },
    "Q_LOC": {
        "mean": 3.7690694621115415,
        "std": 2.067971129541913
    },
    "SHAT": {
        "mean": 2.370613346227194,
        "std": 1.7437089397716024
    },
    "XNUE": {
        "mean": 0.4115234874426741,
        "std": 0.9014689076875023
    },
    "KAPPA_LOC": {
        "mean": 1.2295325947107754,
        "std": 0.13429330488918398
    },
    "DELTA_LOC": {
        "mean": 0.027536402532606852,
        "std": 0.13283076239179376
    },
    "ZEFF": {
        "mean": 1.94751936035726,
        "std": 0.5795350102320688
    },
    "VEXB_SHEAR": {
        "mean": -0.020184279049277266,
        "std": 0.11415410093687198
    },
    "efe_gb": {
        "mean": 155.66898803,
        "std": 130.63660009498383
    },
    "efi_gb": {
        "mean": 147.3256662494,
        "std": 143.8362849105842
    },
    "pfi_gb": {
        "mean": 34.223818371899995,
        "std": 61.275280676023556
    },
    "pfe_gb": {
        "mean": 34.223818371899995,
        "std": 61.275280676023556
    }
}